0_1b526hll,understand_what_success_means_to_you_elizabeth_saunders
0_1b526hll,understand_what_success_means_to_you
0_1d8pzogr,why_you_need_a_project_plan
0_3gqyix6g,contributions_of_significance
0_41ede2dv,five_ways_to_measure_performance
0_41ede2dv,five_ways_to_measure_performance
0_41ede2dv,five_ways_to_measure_performance
0_41ede2dv,five_ways_to_measure_performance
0_4w2xfmi8,in_praise_of_non_linear_career_moves
0_5wsefomo,the_key_to_being_on_time
0_68yzk0mr,own_your_development
0_7z04f86l,conduct_first_hand_market_research
0_7z04f86l,conduct_first_hand_market_research
0_95253a4k,experiment_to_learn_about_your_market
0_95253a4k,experiment_to_learn_about_your_market
0_9uvtdveo,ethical_fading
0_bdyreapa,use_values_in_decision_making
0_bdyreapa,use_values_in_decision_making
0_beho3jge,open_door_communication
0_g0an9f64,overclaiming_credit
0_g0jnlpnm,how_to_budget_your_time_effectively
0_g0jnlpnm,how_to_budget_your_time_effectively
0_gypkvgb2,make_emotional_connections
0_h6pdlugc,customer_centricity
0_hwlt9ojn,learn_from_successes
0_hyox0cnm,find_meaning_at_work
0_hyox0cnm,find_meaning_at_work
0_hyox0cnm,find_meaning_at_work
0_j5pnrpdc,when_to_give_someone_a_second_chance
0_leexke7h,diagnostic_thinking
0_qp8ig4w2,convince_executives_to_measure_performance
0_uabs3x2l,how_to_motivate_and_keep_your_best_talent
0_v3iieenp,make_measurement_public_to_increase_buy_in
0_vtkla033,focus_your_to_do_list
0_winog8aa,tune_into_the_skills_your_teams_offers
0_winog8aa,tune_into_the_skills_your_team_offers
0_wuong0ha,master_the_art_of_effective_delegation
0_wuong0ha,master_the_art_of_effective_delegation
0_y0hcb383,balancing_growth_and_brand_identity
0_yi692ezo,bring_discipline_to_your_hiring_process
1_04qd00u2,use_inclusive_marketing_to_reach_new_customers
1_06hemeu5,introduction_to_process_improvement
1_0djfg4v1,develop_strategy_as_a_team
1_0djfg4v1,develop_a_strategy_as_a_team
1_0djfg4v1,develop_strategy_as_a_team
1_0gatfdam,provide_balanced_feedback_on_employees_performance
1_0iyidset,business_choices
1_0j75sb3n,be_aware_of_your_biases
1_0lmvep1o,avoid_narrow_thinking_while_making_decisions
1_0lmvep1o,avoid_narrow_thinking_while_making_decisions
1_0lrw1hsf,the_leader_as_teacher
1_0ml0pk2v,leading_through_a_crisis
1_0nkvzxw1,career_crossroads
1_0vgyr6at,energize_your_meeting_with_a_story
1_0vgyr6at,energize_your_meeting_with_a_story
1_0vp97kkd,coolness_under_fire
1_119snhft,performance_objectives
1_19fh8cz2,how_diversity_fuels_group_emotional_intelligence
1_19tvx760,establish_your_credibility_but_balance_it_with_humility
1_1avv7dww,introduction_to_crisis_management
1_1fxkux2e,turn_your_office_into_a_creative_space
1_1h3udjmb,introduction_to_writing_skills
1_1ka34e7y,the_stay_interview
1_1ka34e7y,the_stay_interview
1_1mktyf4v,recognize_your_biases
1_1nbyltgx,dinner_at_six
1_1nbyltgx,dinner_at_six
1_1nr8rl1s,how_to_build_trust_on_your_virtual_team
1_1nr8rl1s,how_to_build_trust_on_your_virtual_teams
1_1nr8rl1s,how_to_build_trust_on_your_virtual_teams
1_1q8aozkd,launch_your_next_idea_before_its_ready
1_1qeurtak,always_prepare_for_meetings
1_20rrk5g8,computing_vs_human_capability
1_20ugmy07,turn_coaching_into_collaboration
1_21jzgr8a,driven_by_a_purpose
1_2915reju,exit_an_unprofitable_line_of_business
1_29ukk34x,how_to_deliver_an_engaging_presentation
1_2bfnmgt8,how_managers_should_read_financial_statements
1_2j9dh9yu,uncovering_passion
1_2j9dh9yu,uncovering_passion
1_2mxg9dmu,create_and_deliver_a_strong_business_case
1_2n2l6b17,the_sponsor_prot’©g’©_relationship
1_2n2l6b17,the_sponsor_protege_relationship
1_2tuanxrk,make_your_meetings_more_productive
1_2tuanxrk,make_your_meetings_more_productive
1_2wcescn4,ask_for_clarification_on_an_assignment
1_2x1iw279,be_less_of_a_boss_and_more_of_a_coach
1_2x1iw279,be_less_of_a_boss_and_more_of_a_coach
1_2yl50dm8,how_to_avoid_stress_in_uncertain_situations
1_2z5o94uy,improve_your_leadership_presence
1_31rmzegd,introduction_to_developing_employees
1_36b6xgcq,a_drop_of_water
1_36b6xgcq,a_drop_of_water
1_3a5paczz,the_mix_of_experience
1_3a5paczz,the_mix_of_experience
1_3bju91vi,make_employees_responsible_for_outcomes
1_3cx95e0a,failing_to_success
1_3cx95e0a,failing_to_success
1_3fk0jqxu,the_best_way_to_handle_silence
1_3jukpjc0,breaking_decision_making_bottlenecks
1_3l3vjix0,find_a_company_that_fits
1_3ljwm6yp,introduction_to_career_management
1_3p0aae62,avoid_narrow_thinking_while_making_decisions
1_3p0aae62,avoid_narrow_thinking_while_making_decisions
1_3rrjcwdr,how_to_handle_tears_at_work
1_3su8ghuf,always_be_open_to_dissenting_options
1_3uvy6m88,motivate_a_problem_employee
1_3uvy6m88,motivate_a_problem_employee
1_3yw2n3km,build_more_than_a_loyalty_program
1_3yw2n3km,build_more_than_a_loyalty_program
1_403nqt6w,the_challenge_of_change
1_403nqt6w,the_challenge_of_change
1_41dj9ntp,feedback_is_a_two_way_street
1_41dj9ntp,feedback_is_a_two_way_street
1_462xa2qa,boost_power_through_body_language
1_46m9vspd,how_ibms_vision_changed_strategy_execution
1_478ftum1,run_a_disciplined_innovation_experiment
1_478ftum1,run_a_disciplined_innovation_experiment
1_47fhkppp,feedback_sparks_growth
1_47y2562e,improve_your_relationship_with_your_boss_by_aligning_goals
1_480tvq60,how_to_react_non_defensively
1_480tvq60,how_to_react_non_defensively
1_480tvq60,how_to_react_non_defensively
1_49cu0ygy,connect_with_any_audience
1_49cu0ygy,connect_with_any_audience
1_4b0rex65,treat_people_right
1_4cc3uolv,learn_unlearn_relearn
1_4cc3uolv,learn_unlearn_relearn
1_4ksfpzf3,a_great_job_fit
1_4mwo9pt2,how_new_manager_can_establish_credibility
1_4sttjfq0,the_imprecision_of_finance
1_52mkk9q0,leading_in_leopard_print
1_538zg0s0,how_to_request_a_behavior_change
1_538zg0s0,how_to_request_a_behavior_change
1_53vj2gqc,how_to_handle_an_over_contributor_during_a_meeting
1_5bq30zpl,dont_be_afraid_to_rethink_your_services
1_5bq30zpl,dont_be_afraid_to_rethink_your_services
1_5c9uvhiy,the_golden_rule
1_5f02omre,design_an_organization_that_makes_a_difference
1_5f02omre,design_an_organization_that_makes_a_difference
1_5h33mghz,introduction_to_managing_your_boss
1_5iswnohx,intuition
1_5iyj1qic,when_the_better_market_is_risky
1_5rjk5w12,create_an_effective_presentation
1_5s8jlcn2,the_vicious_stress_cycle_bronwyn_fryer
1_5tn0sbon,introduction_to_negotiating
1_5va3qw2r,central_intelligence
1_5ve82pt7,bring_a_flexible_indset_to_innovation
1_5yqqulj3,genuinely_listen
1_5ze72csn,mad_dog
1_625a01mw,leading_like_a_swan
1_625a01mw,leading_like_a_swan
1_625a01mw,leading_like_a_swan
1_6ayyasa4,build_a_flexible_business_plan
1_6d6x6f3h,what_employees_value
1_6hq6qb2w,take_time_to_disconnect
1_6rsbp45g,introduction_to_presentation_skills
1_6tm8wrku,simplify_customer_metrics
1_6tm8wrku,simplify_customer_metrics
1_6uwai04d,why_a_good_idea_isnt_enough
1_6uwai04d,why_a_good_idea_isnt_enough
1_6vanmrvi,a_roadmap_to_better_project_management
1_6wviesop,the_benefits_of_mastering_another_language
1_6xku5w9x,tap_the_wisdom_of_frontline_employees
1_70rs2nod,opportunity_vs_cost_in_a_new_market
1_70rs2nod,opportunity_vs_cost_in_a_new_market
1_71amih04,winning_your_exception_to_the_rule
1_71amih04,winning_your_exception_to_the_rule
1_72clyrwr,catalyzing_innovation_in_your_team
1_72clyrwr,catalyzing_innovation_in_your_team
1_74qxqddx,career_impasse
1_7849bmjq,the_risk_and_reward_of_disagreeing_with_your_boss
1_7849bmjq,the_risk_and_reward_of_disagreeing_with_your_boss
1_7ereyqup,setting_your_goals_without_jargon
1_7ereyqup,setting_your_goals_without_jargon
1_7f5pip5a,how_to_request_a_behavior_change
1_7f5pip5a,how_to_request_a_behavior_change
1_7lbv0a2x,introduction_to_customer_focus
1_7pmt9i6m,identify_future_leaders
1_7spjnz5r,use_bad_news_to_your_advantage
1_7spjnz5r,use_bad_news_to_your_advantage
1_7sq94w23,the_explainer_disuptive_innovation
1_7vynnd62,how_successful_people_reach_their_goals
1_7vynnd62,how_successful_people_reach_their_goals
1_7y04dedq,make_yourself_a_global_asset 
1_7ypgeyz4,define_success_up_front
1_7ypgeyz4,define_success_up_front
1_7ypgeyz4,define_success_up_front
1_82ydetlj,how_to_talk_with_your_boss_about_work_overload
1_82ydetlj,how_to_talk_with_your_boss_about_work_overload 
1_83q03agu,the_value_of_asking_open_ended_questions
1_83q03agu,the_value_of_asking_open_ended_questions
1_8614zbr9,think_ahead
1_86si7jp2,focus_on_solutions_not_mistakes
1_89yzhb6q,bridging_two_kinds_of_cultural_differences
1_8fubcohg,understanding_npv
1_8fubcohg,understanding_npv
1_8g7qnjb5,make_yourself_replaceable
1_8g7w3slr,dont_kill_your_employees_dreams
1_8g7w3slr,dont_kill_your_employees_dreams
1_8k36098x,ambitious_goals_require_a_shift_in_mindset
1_8lidcnd8,set_clear_goals_for_employees_before_performance_appraisals
1_8p9leiej,stay_open_when_receiving_feedback
1_8un0mwhg,dynamic_strategy
1_8xzpvybb,use_social_proof_to_change_behavior
1_8xzpvybb,use_social_proof_to_change_behavior
1_8xzpvybb,use_social_proof_to_change_behavior
1_8y9ydsyn,build_trust_with_storytelling
1_8y9ydsyn,build_trust_with_storytelling
1_8yqm5t3m,business_analytics_defined
1_8z0h7eqm,coach_dont_criticize
1_90mwz7vx,pushing_back_on_an_assignment
1_91y6rxph,make_a_mentor_connection
1_91y6rxph,make_a_mentor_connection
1_92n8rfk7,know_the_signs_of_burnout
1_93dox28t,three_ways_to_think_about_cultural_differences
1_93dox28t,three_ways_to_think_about_cultural_differences
1_93dox28t,three_ways_to_think_about_cultural_differences
1_93leu458,action_items
1_95cc00ig,values_in_action
1_95ygcmh3,adapt_your_strategy
1_95ygcmh3,adapt_your_strategy
1_99qcdiy9,stay_calm_in_a_stressful_moment
1_9ajdha03,introduction_to_goal_setting
1_9e5i4rvb,introduction_to_project_management
1_9f825qi4,change_the_product_not_the_customer
1_9fepbbrj,disruptive_innovation_explained
1_9o417kh1,three_elements_to_expressing_your_idea
1_9p5ziaah,a_wedge_of_lime
1_9teb4cyx,reorganize_a_team_for_more_impact
1_9u2x3ea8,determine_your_preferred_communication_style
1_9ytuwp0d,always_prepare_for_meetings
1_9zn4ldb9,develop_productivity_rituals
1_9zp7ahd9,listen_for_your_clients_real_needs
1_a2sdew5j,how_managers_should_plan_for_crises
1_a2sdew5j,breaking_decision_making_bottlenecks
1_a5stci4s,get_comfortable_with_team_conflict
1_a5stci4s,get_comfortable_with_team_conflict
1_a5stci4s,get_comfortable_with_team_conflict
1_a6k97hmk,bring_your_best_self_to_work
1_a7ocd8f6,how_to_handle_an_over_contributor_during_a_meeting
1_aaoerlaj,anger_is_tricky
1_aaoerlaj,anger_is_tricky
1_aat7x1p6,survive_a_storm_by_changing_course
1_alrxzp1z,know_your_plays
1_ar5l9vck,innovations_that_are_long_overdue
1_ar5l9vck,innovations_that_are_long_overdue
1_aypy3rdv,the_best_response_to_customer_complaints
1_b2bshshm,ethical_ambiguity
1_b2ym45jo,mission_and_objectives
1_b2ym45jo,mission_and_objectives
1_b5u1741m,stretch_goals_arent_comfortable
1_b74d3z6u,start_a_turnaround_with_a_strategy_map
1_b74d3z6u,start_a_turnaround_with_a_strategy_map
1_b7bs26qg,ask_for_clarification_on_an_assignment
1_b8d18ov8,the_ripple_effect_of_a_great_work_culture
1_bh8dmeen,find_success_your_own_way
1_bo8e0grz,the_weight_of_your_words
1_bq3yst9f,deviating_from_the_business_plan
1_brn07s25,ask_for_clarification_on_an_assignment
1_bsfkv6b1,introduction_to_leading_people
1_btuctlky,adapt_your_business_while_developing_employees
1_buuf40cp,simplicity
1_bv0sfq3r,how_delegation_helps_everyone
1_bwh52us3,boss_management_101
1_bx01ybbd,realistic_budgets
1_bx01ybbd,realistic_budgets
1_c3htuuk5,crowdsourcing_inside_your_company
1_c90ldy14,encourage_candor_at_work
1_cbi6hpks,a_brief_history_of_doing_well_by_doing_good
1_cdomqcyg,how_to_manage_project_teams
1_ck5lzf94,resist_the_urge_to_hire_people_like_you
1_ck5lzf94,resist_the_urge_to_hire_people_like_you
1_ctelgzni,crossing_the_river
1_cu3ewn7k,tackle_finance_with_curiousity
1_cuymrzv0,seek_challenges
1_d0rol57v,the_art_of_career_development
1_d15ykepz,how_empathy_can_launch_a_conversation
1_d15ykepz,how_empathy_can_launch_a_conversation
1_d15ykepz,how_empathy_can_launch_a_conversation
1_d1ijhlh0,emerging_markets
1_d1ijhlh0,emerging_markets
1_d6mvz3ei,resist_the_urge_to_hire_people_like_you
1_d6mvz3ei,resist_the_urge_to_hire_people_like_you
1_d81ringf,seek_mentors_who_expand_your_comfort_zone
1_dewvkl1o,managing_idiosyncratic_talent
1_dgv1f16y,planning_for_success
1_dh36uski,managing_creative_people
1_dk0m5hac,freedom_to_act
1_dw0p5kbe,pay_attention_to_resistance_triggers
1_dw0p5kbe,pay_attention_to_resistance_triggers
1_dzewjru6,determine_your_preferred_communication_style
1_e4j9286x,budgeting_in_an_uncertain_market
1_e6x2li3r,know_when_you_cant_lead_change
1_ecc3borr,push_employees_to_the_edge_of_their_comfort_zone
1_ecc3borr,push_employees_to_the_edge_of_their_comfort_zones
1_elp5anxd,distributed_innovation
1_eng06qwh,three_keys_to_resolving_a_crisis
1_eq9l3jsw,find_your_ideal_market
1_esnw1dk4,hiring_a_top_team
1_esnw1dk4,hiring_a_top_team
1_esnw1dk4,hiring_a_top_team
1_f07ggfah,introduction_to_marketing_essentials
1_f29tjcff,listen_with_empathy_to_improve_performance
1_f29tjcff,listen_with_empathy_to_improve_performance
1_f4cyogno,plan_for_the_worst_before_a_crisis
1_f8b8y0ml,take_action_after_a_crisis
1_f8jn5yf4,the_foundation_of_great_teamwork
1_fbrnfsj0,word_of_mouth
1_ff2zrrez,know_the_signs_of_burnout
1_ffkzy5rm,is_your_boss_a_leader_or_a_listener
1_fh0rusf1,key_conversations_with_your_new_boss
1_fjv85syu,employee_action_plans
1_fkyb8owh,get_buy_in_for_your_new_strategy
1_fycb77rl,introduction_to_decision_making
1_fym5t8ig,confonting_a_bad_deal
1_fym5t8ig,confronting_a_bad_deal
1_gb2s8cc9,generation_gaps
1_gbdv6c3a,leading_innovation_in_a_large_company
1_gftibzdc,cashing_in_on_category_creation
1_gftibzdc,cashing_in_on_category_creation
1_gftibzdc,cashing_in_on_category_creation
1_gftibzdc,cashing_in_on_category_creation
1_gg2735hp,fear_of_reinvention
1_gjdp9rw2,distinguish_good_railures_from_bad_ones
1_gjdp9rw2,distinguish_good_failures_from_bad_ones
1_gn91rfxj,good_coaching_inspires_leadership
1_go4czjfy,real_time_feedback
1_god5h4b4,why_you_should_work_abroad
1_goedmr3w,introduction_to_retaining_employees
1_gprzux6e,negotiate_intersts_not_positions
1_gw4wtm13,introduction_to_ethics
1_h0h9tn3z,do_a_reality_check
1_h50g2nao,customers_not_consumers
1_haaxi5yo,the_right_kinds_of_failure
1_hd7k2f51,meditating_on_wall_street
1_hg24xmmk,setting_the_stage_for_change
1_hjeu0oye,introduction_to_team_management
1_hkutec0v,the_power_of_feedback
1_hporjmez,every_writer_needs_an_editor
1_huvaptn7,pay_attention_to_resistance_triggers
1_huvaptn7,pay_attention_to_resistance_triggers
1_hw7tybdp,why_kindness_is_good_business
1_hw7tybdp,why_kindness_is_good_business
1_hwf46mhm,introduction_to_time_management
1_hwju3ki2,conduct_an_informal_360
1_hycvw9q9,motivate_a_problem_employee
1_hycvw9q9,motivate_a_problem_employee
1_hzvln30b,set_clear_goals_for_employees_before_performance_appraisals
1_i6bf7u5g,let_employees_work_smart
1_i6bf7u5g,let_employees_work_smart
1_i6dhsa4e,getting_a_return_on_improvement
1_igvd12ie,advance_your_career_with_a_personal_brand
1_ij58m1bf,getting_stuck_is_part_of_the_process
1_ijtllxuy,introduction_to_global_collaboration
1_ijwnxmja,how_to_concentrate_under_pressure
1_il7zqi7k,share_whats_behind_a_decision
1_il7zqi7k,share_whats_behind_a_decision
1_il7zqi7k,share_whats_behind_a_decision
1_iol4josw,employees_need_decisive_leaders
1_ip440r6x,collaborative_goals
1_iqdyo9b4,introduction_to_performance_appraisals
1_ir3ueoim,introduction_to_hiring
1_it9ekx51,the_art_of_hiring_for_your_firms_future
1_j1pgdb8w,five_ways_to_improve_your_business_writing
1_j2csqs2a,seek_feedback
1_j2csqs2a,seek_feedback
1_j320i2dr,understand_motivations
1_j3uiuzky,haste_makes_waste
1_j5nnex5i,making_your_ideas_credible
1_j9g3a2y1,is_your_boss_a_leader_or_a_listener
1_jfopax9q,negotiate_intersts_not_positions
1_jgzmtrmp,introduction_to_business_case_development
1_jhcm7yre,the_value_of_an_honest_performance_review
1_jnybfhhm,creating_a_win_win
1_jwuo4dfn,competition_gone_wrong
1_k2ulmyhu,establish_your_credibility_but_balance_it_with_humility
1_k2yyjt88,collaboration_by_difference
1_k2yyjt88,collaboration_by_difference
1_k2yyjt88,collaboration_by_difference
1_k2yyjt88,collaboration_by_difference
1_k4rtbkmn,how_to_manage_scope_creep
1_k65otit7,create_rules_to_unify_your_team
1_k65otit7,create_rules_to_unify_your_team
1_k6m1iglf,negotiate_intersts_not_positions
1_ka3of88x,introduction_to_feedback_essentials
1_kab6paxl,the_best_feedback_includes_an_action_plan
1_kab6paxl,the_best_feedback_includes_an_action_plan
1_kab6paxl,the_best_feedback_includes_an_action_plan
1_kab6paxl,the_best_feedback_includes_an_action_plan
1_kbwglaze,live_the_vision
1_kbwglaze,live_the_vision
1_ke2z7wr1,how_to_talk_with_your_boss_about_work_overload
1_ke2z7wr1,how_to_talk_with_your_boss_about_work_overload 
1_kenrcwiy,when_technology_fails_you
1_kenrcwiy,when_technology_fails_you
1_ki693cpk,delivering_difficult_feedback
1_ko8festv,craft_a_story_to_sell_your_business_case
1_ko8festv,craft_a_story_to_sell_your_business_case
1_kqt11epd,introduction_to_coaching
1_l3aimdyf,the_right_stuff
1_l3aimdyf,the_right_stuff
1_l8njj3qo,should_you_lie_to_save_your_company
1_lfittlzz,measure_employee_productivity_accurately
1_lfittlzz,measure_employee_performance_accurately
1_lfittlzz,measure_employee_productivity_accurately
1_lfjvec74,own_your_mistakes
1_lfjvec74,own_your_mistakes
1_lguo251d,the_importance_of_sleep
1_lkmthwyy,how_to_manage_stakeholders
1_lmla3xc7,performance_reviews_shouldnt_be_surprising
1_lx5at2x9,avoid_organizational_overconfidence
1_mb6tsd4b,what_can_i_take_off_your_plate
1_mb6tsd4b,what_can_i_take_off_your_plate
1_me9wzlof,coach_dont_criticize
1_mx7vrko2,stay_calm_in_a_stressful_moment
1_n12ugenk,persuading_others
1_n256ugon,while_coaching_listen_more_than_you_talk
1_n4nv91e6,priorities
1_n9b8huxy,how_to_be_a_good_listener
1_n9b8huxy,how_to_be_a_good_listener
1_nbls8gxd,introduction_to_meeting_management
1_ncq6bi13,introduction_to_team_creation
1_nd6bfqev,escape_from_brainstorm_island
1_nesgdvzn,you_can_do_anything
1_nesgdvzn,you_can_do_anything
1_ng99lcnd,stay_open_when_receiving_feedback
1_ngmnl1ku,everyone_is_a_leader
1_ni3uqbck,fitting_in_with_new_colleagues
1_nrqqsdgx,make_strategy_discussions_more_productive
1_nrqqsdgx,make_strategy_discussions_more_productive
1_ns68o440,prepare_your_brain_for_change
1_nu4sjjni,provide_balanced_feedback_on_employees_performance
1_nyqpmu33,fix_their_problem_win_the_deal
1_nyqpmu33,fix_their_problem_win_the_deal
1_o2k136aq,open_to_learning
1_o7b4aday,the_equation_for_change
1_o8123c54,finding_resilience_after_tragedy
1_o890dx28,adapt_to_the_market
1_o890dx28,adapt_to_the_market
1_oau597kv,make_allies_to_champion_your_vision
1_oau597kv,make_allies_to_champion_your_vision
1_ocb2zhjf,three_principles_to_win_executive_approval
1_ocb2zhjf,three_principles_to_win_executive_approval
1_ocjps9to,face_your_fear
1_on43gap4,transforming_a_hostile_encounter
1_oqp39la3,avoid_zero_sum_thinking_during_negotiations
1_ouu0xru6,the_powerpoint_mistake_almost_everyone_makes
1_oxyj59sv,high_impact_email
1_oyf07bf9,introduction_to_innovation_and_creativity
1_oyrxmdt3,avoid_zero_sum_thinking_during_negotiations
1_p1w84bd4,empower_your_customer_facing_employees
1_p1w84bd4,empower_your_customer_facing_employees
1_p3aeyi7z,learn_from_your_customer
1_p7t5mmt9,introduction_to_change_management
1_p85h6wyx,work_with_not_for_your_boss
1_pane7xji,how_to_approach_a_resistor - Ask the Coach
1_pda2vble,go_beyond_your_initial_idea_of_an_audience
1_pitf517b,introduction_to_strategic_thinking
1_plv2im3c,the_20_day_learning_tour
1_psuee08t,how_to_handle_an_over_contributor_during_a_meeting
1_pwo37494,refresh_your_marketing_to_drive_sales
1_pzzj1qkc,introduction_to_strategy_planning_and_execution_landing_video
1_q2c14cs1,the_right_way_to_conduct_a_job_interview
1_qaout5us,expose_a_problem_you_cannot_solve
1_qbhxraoo,create_efficiencies
1_qjanwjyd,improve_training_with_experiential_learning
1_qjvtvjn0,sell_your_next_great_idea
1_qk0ri5ff,mission_to_mars_the_budget
1_qt6pqrcp,value_your_employees_as_individuals
1_qt6pqrcp,value_your_employees_as_individuals
1_qt6pqrcp,value_your_employees_as_individuals
1_qwhvet65,simplify_your_strategy
1_qxvq562f,express_gratitude
1_r1t94moa,why_you_shoul_read_your_memo_out_loud
1_ra8uv2f4,know_your_teams_motivational_mindset
1_rd6cl2g0,secure_your_plan_with_the_right_team
1_rdc0plck,introduction_to_performance_measurement
1_rfkt0083,five_whys
1_rfkt0083,five_whys
1_rhbxqwpn,essentials_of_being_a_great_boss
1_ridm4v6e,the_feedback_loop
1_rk7ur3br,position_your_international_team_for_success
1_rl54gfx3,process_emotions_effectively_to_manage_change
1_rl9f6ljb,cash_is_king_dont_give_it_away
1_rmj6kuan,set_clear_goals_for_employees_before_performance_appraisals
1_rmzc6ywb,fixing_potholes
1_rwza6bzn,manage_through_moral_gray_zones
1_s17754ur,coach_dont_criticize
1_s1n6k8g2,rehearse_and_refine_your_action_plan
1_s2h3yqia,the_manager_as_coach
1_s3qgqq9p,how_to_talk_with_your_boss_about_work_overload
1_s3qgqq9p,how_to_talk_with_your_boss_about_work_overload 
1_s3y35ntm,difficult_interactions_introduction
1_s45cwl2d,to_grow_your_business_delegate
1_saln32eq,before_you_lead_Listen
1_sau44qve,clarify_roles
1_sfptylyy,motivate_a_problem_employee
1_sfptylyy,motivate_a_problem_employee
1_sjqb6yds,the_meeting_climate
1_sn2fq05l,focus_on_interests
1_sn2fq05l,focus_on_interests
1_sp059er4,use_values_to_make_work_life_decisions
1_sqi8j0qd,introduction_to_diversity
1_svknbxdy,introduction_to_business_plan_development
1_t2qc22hr,how_to_use_breakeven_analysis
1_tar30rmb,how_to_approach_a_resistor - Better Way
1_tcvo0md9,introduction_to_delegating
1_td2pcaxw,lead_cultural_change_through_action
1_tdop62bg,play_your_cards_right
1_te32mowt,do_your_homework
1_teylcigf,stay_open_when_receiving_feedback
1_tg2tckw4,how_vision_can_improve_customer_service
1_tg2tckw4,how_vision_can_improve_customer_service
1_tglm3fj0,framing_the_big_picture
1_tju8g9co,negotiating_on_the_back_of_a_cocktail_napkin
1_tlkik2wj,compare_cultures_to_understand_your_own
1_tlkik2wj,compare_cultures_to_understand_your_own
1_tlkik2wj,compare_cultures_to_understand_your_own
1_tvhsm1qy,find_your_voice
1_u0h08cwr,the_power_of_stories_in_corporate_culture
1_u0qbiuva,good_leaders_admit_mistakes
1_u0qbiuva,good_leaders_admit_mistakes
1_u1nn5bs3,how_public_support_changes_the_game
1_u2fjbdbr,inconvenience_everyone_equally
1_u2fjbdbr,inconvenience_everyone_equally
1_u2fjbdbr,inconvenience_everyone_equally
1_u2n2v8sg,harnessing_creativity
1_u69q7lvy,how_to_approach_a_resistor - wrong way
1_uem0zrj0,always_prepare_for_meetings
1_ufs3lt3g,avoid_narrow_thinking_while_making_decisions
1_ufs3lt3g,avoid_narrow_thinking_while_making_decisions
1_ul9qnx77,introduction_to_finance_essentials
1_uldaccjc,hire_for_personality
1_ulj7x044,make_delegation_your_development_tool
1_ulj7x044,make_delegation_your_development_tool
1_uovqfnlu,why_you_need_a_state_of_the_company_address
1_uq5vce8u,a_formula_for_building_trusting_relationships
1_utz6lufi,how_not_to_lose_sleep_over_your_budget
1_uu4kd5et,pay_attention_to_resistance_triggers
1_uu4kd5et,pay_attention_to_resistance_triggers
1_v2t8uxck,establishing_credibility_takes_persistence
1_v4kbvt8q,how_google_markets_with_emotion
1_v5lcsepi,position_for_future_markets
1_v5qdxpsr,forging_a_new_global_comfort_zone
1_v5qdxpsr,forging_a_new_global_comfort_zone
1_v5qdxpsr,forging_a_new_global_comfort_zone
1_vdkmdhbk,customer_input
1_vejrqob6,how_to_request_a_behavior_change
1_vejrqob6,how_to_request_a_behavior_change
1_vmgoqlzp,speak_the_truth
1_vncz97xl,chop_goals_down_to_size
1_vwvl6spx,language_policies
1_w3wqq70o,create_a_sense_of_urgency
1_w5cifvq9,while_coaching_listen_more_than_you_talk
1_w5dtr8jr,defuse_difficult_people
1_wh8qfz3d,innovation_implementation_landing_video
1_wm5eursu,when_to_speak_up
1_wneeiaej,four_keys_to_fast_innovation
1_wnx8lpwe,one_frame_of_reference_isnt_enough
1_wqug524y,educate_your_teams
1_wqug524y,educate_your_teams
1_ww6ldlt7,determine_your_preferred_communication_style
1_wyjw36ox,provide_balanced_feedback_on_employees_performance
1_xafp37ny,set_the_tone_for_trust
1_xdwfy6cs,three_principles_to_win_executive_approval
1_xdwfy6cs,three_keys_to_influencing_others
1_xim85d6t,avoid_zero_sum_thinking_during_negotiations
1_xlh7owb9,invited_versus_welcomed
1_xmnw1j1c,maintain_momentum_with_focused_meetings
1_xmnw1j1c,maintain_momentum_with_focused_meetings
1_xmnw1j1c,maintain_momentum_with_focused_meetings
1_xo06tdmf,cumulative_conversations
1_xr86xsfe,on_the_line
1_xr86xsfe,on_the_line
1_xux8sbgo,create_slides_people_will_remember
1_xwm6ivvs,give_people_credit
1_y2jfwfze,faulty_analogies
1_y7xqnvz1,while_coaching_listen_more_than_you_talk
1_yfqcsrbn,listen_carefully_to_your_employees_feedback
1_yfqcsrbn,listen_carefully_to_your_employees_feedback
1_ykpa2ifo,stay_calm_in_a_stressful_moment
1_ymclugia,the_art_of_stretch_targets
1_ymclugia,the_art_of_stretch_targets
1_yn9wwe7t,tomorrows_leaders
1_ynizdpqb,building_a_global_brand
1_yqidjyfq,productivity
1_ys63hzcb,a_process_for_clear_and_persuasive_writing
1_ytgjzie8,a_new_way_to_prevent_employee_exhaustion
1_ytgjzie8,a_new_way_to_prevent_employee_exhaustion
1_ytgjzie8,a_new_way_to_prevent_employee_exhaustion
1_yton3wzc,establish_your_credibility_but_balance_it_with_humility
1_ywr4lr3w,defuse_tension_to_come_to_an_agreement
1_ywr4lr3w,defuse_tension_to_come_to_an_agreement
1_z2qcdpg7,is_your_boss_a_leader_or_a_listener
1_z368gso6,applying_design_thinking_to_your_business
1_z90fulzg,why_postmortems_are_essential
1_zf7mft0u,find_your_voice_in_meetings
1_zhls2zhw,create_time_for_your_most_important_work
1_zhls2zhw,create_time_for_your_most_important_work
1_zhls2zhw,create_time_for_your_most_important_work
1_zjysjg2i,budget_impacts
1_zo0ekgi4,resist_the_urge_to_hire_people_like_you
1_zo0ekgi4,resist_the_urge_to_hire_people_like_you
1_zo9kqmvm,think_like_an_innovator
1_zorqbw1h,prioritize_risks_in_project_management
1_zpldp3po,know_the_signs_of_burnout
1_zr4vxt7f,getting_strategy_execution_right
1_zsgnd2mb,how_to_test_your_innovative_idea
1_zvfxzrct,look_beyond_obvious_risks
1_zvfxzrct,look_beyond_obvious_risks
1_zwoal7kg,how_to_respond_to_criticism