A Brief History of Doing Well By Doing Good,A Brief History of Doing Well by Doing Good_70773.srt,70773
A Drop of Water,Gaydon HMM11- A Drop of Water FINAL _Basic - Small_.flv ,38454
A Drop of Water,Gaydon HMM11- A Drop of Water FINAL _Basic - Small_.flv ,38454
A Great Job Fit,15471_Kaye_HMM11_Career_Management_FINAL_071709.mov ,37683
A New Way to Prevent Employee Exhaustion,A New Way to Prevent Employee Exhaustion  _142776.srt,142776
A New Way to Prevent Employee Exhaustion,A New Way to Prevent Employee Exhaustion  _142776.srt,142776
A New Way to Prevent Employee Exhaustion,A New Way to Prevent Employee Exhaustion  _142776.srt,142776
A Process for Clear and Persuasive Writing,A Process for Clear and Persuasive Writing_292013.srt,292013
A Roadmap to Better Project Management,A Roadmap to Better Project Management_403179.srt,403179
A Wedge of Lime,Deshpande HMM11- A Wedge of Lime FINAL _Basic - Small_.flv ,38439
Action Items,Action Items ,382141
Adapt to the Market,BusinessPlanDevelopment_AdaptToTheMarket.flv ,68358
Adapt to the Market,16637_Anthony_HMM11_Marketing_Essentials_FINAL_021810_37705.srt,37705
Adapt Your Business While Developing Employees,Adapt Your Business While Developing Employees_438691.srt,438691
Adapt Your Strategy,Adapt Your Strategy.srt,85652
Adapt Your Strategy,Adapt Your Strategy.srt,85652
Advance Your Career with a Personal Brand,Advance Your Career with a Personal Brand _80520.srt,80520
Always Be Open to Dissenting Opinions,Always Be Open to Dissenting Opinions_428581.srt,428581
Always Prepare for Meetings,24A_357693.srt,357693
Always Prepare for Meetings,24B_357694.srt,357694
Always Prepare for Meetings,24C_357695.srt,357695
Ambitious Goals Require a Shift in Mindset,Ambitious Goals Require a Shift in Mindset_345871.srt,345871
Anger Is Tricky,DifficultInteractions_AngerIsTricky.flv ,68390
Anger is Tricky,DifficultInteractions_AngerIsTricky.flv ,68390
Ask for Clarification on an Assignment,20A_357587.srt,357587
Avoid Narrow Thinking While Making Decisions,Avoid Narrow Thinking While Making Decisions - Better Way - 3_409500.srt,409500
Avoid Narrow Thinking While Making Decisions,Avoid Narrow Thinking While Making Decisions - Ask the Coach - 2_409499.srt,409499
Avoid Organizational Overconfidence,Avoid Organizational Overconfidence_149726.srt,149726
Avoid Zero Sum Thinking During Negotiations,28A_357711.srt,357711
"Be Aware of Your Biases,",Be Aware of Your Biases ,85653
Be Less of a Boss and More of a Coach,Be Less of a Boss and More of a Coach _401314.srt,401314
Be Less of a Boss and More of a Coach,Be Less of a Boss and More of a Coach ,401314
"Before You Lead, Listen",NOHRIA_HBRC_17748_INS1_Rd1_153463.srt,153463
Boost Power Through Body Language,Boost Power Through Body Language_70618.srt,70618
Boss Management 101,Mackler HMM11- Boss Management 101FINAL _Basic - Small_.flv ,38478
Breaking Decision-Making Bottlenecks,Breaking Decision-Making Bottlenecks_234592.srt,234592
Breaking Decision-Making Bottlenecks,Breaking Decision-Making Bottlenecks_234592.srt,234592
Bridging Two Kinds of Cultural Differences,Bridging Two Kinds of Cultural Differences_425889.srt,425889
Bring a Flexible Mindset to Innovation,Bring a Flexible Mindset to Innovation_92729.srt,92729
Bring Discipline to Your Hiring Process,Bring Discipline to Your Hiring Process  _337674.srt,337674
Budgeting in an Uncertain Market,Budgeting in an Uncertain Market _395207.srt,395207
Build a Flexible Business Plan,Build a Flexible Business Plan _70637.srt,70637
Build More Than a Loyalty Program,Build More than a Loyalty Program_76465.srt,76465
Build More Than a Loyalty Program,Build More than a Loyalty Program_76465.srt,76465
Build Trust with Storytelling,KEEVER_HBRC_TIP_17313_031612_PROXY_77258.srt,77258
Build Trust with Storytelling,Build Trust with Storytelling_80518.srt,80518
Building a Global Brand,Building a Global Brand_188713.srt,188713
Business Analytics Defined,Business Analytics Defined_246197.srt,246197
Business Choices,Montgomery HMM11- Business Choices FINAL _Basic - Small_.flv,38482
Career Crossroads,MARKEY_HBRC_INS1_CROSSROADS_16966_FINAL _62358.srt,62358
Career Impasse,Butler HMM11- Career Impasse FINAL _Basic - Small_.flv ,38428
Cash Is King„Don't Give It Away,Cash Is King--Don't Give It Away_448084.srt,448084
Cashing in on Category Creation,Cashing in on Category Creation_A_248897.srt,248897
Cashing in on Category Creation,Cashing in on Category Creation_2_370363.srt,370363
Cashing in on Category Creation,Cashing in on Category Creation_2 _371946.srt,371946
Cashing in on Category Creation,Cashing in on Category Creation,375027
Cashing in on Category Creation,Cashing in on Category Creation_A_248897.srt,248897
Cashing in on Category Creation,Cashing in on Category Creation_2_370363.srt,370363
Cashing in on Category Creation,Cashing in on Category Creation_2 _371946.srt,371946
Cashing in on Category Creation,Cashing in on Category Creation,375027
Cashing in on Category Creation,Cashing in on Category Creation_A_248897.srt,248897
Cashing in on Category Creation,Cashing in on Category Creation_2_370363.srt,370363
Cashing in on Category Creation,Cashing in on Category Creation_2 _371946.srt,371946
Cashing in on Category Creation,Cashing in on Category Creation,375027
Cashing In on Category Creation,Cashing in on Category Creation,375027
Catalyzing Innovation in Your Team,Catalyzing Innovation in Your Team  _142762.srt,142762
Catalyzing Innovation in Your Team,Catalyzing Innovation in Your Team  _142762.srt,142762
Central Intelligence,Central Intelligence ,85655
"Change the Product, Not the Customer",Deshpande HMM11-Change the Product_ Not the Customer FINAL _Basic - Small_.flv,38442
Chop Goals Down to Size,Robbins HMM11- Chop Goals Down To Size FINAL _Basic - Small_.flv ,38500
Clarify Roles,16641_Sweetman_HMM11_Project_Management_Final_010610.mov ,37734
"Coach, Don't Criticize","Coach, Don't Criticize - Ask the Coach - 2_411997.srt",411997
Collaboration by Difference,Collaboration by Difference_368956.srt,368956
Collaboration by Difference,Collaboration by Difference_368956.srt,368956
Collaboration by Difference,Collaboration by Difference_368956.srt,368956
Collaboration by Difference,Collaboration by Difference_368956.srt,368956
Collaborative Goals,Hill HMM11- Collaborative Goals FINAL _Basic - Small_.flv ,38460
Compare Cultures to Understand Your Own,Compare Cultures to Understand Your Own  _76481.srt,76481
Compare Cultures to Understand Your Own,Compare Cultures to Understand Your Own_91791.srt,91791
Compare Cultures to Understand Your Own,Compare Cultures to Understand Your Own  _76481.srt,76481
Competition Gone Wrong,Competition Gone Wrong_393013.srt,393013
Computing vs. Human Capability,McAFEE_HBRC_INS3_COMPvsHUM_16986_FINAL  _62359.srt,62359
Conduct an Informal 360,Conduct an Informal 360_62532.srt,62532
Conduct First-Hand Market Research,Conduct First-Hand Market Research_397368.srt,397368
Conduct First-Hand Market Research,Conduct First-Hand Market Research,397368
Confronting a Bad Deal,Confronting a Bad Deal_374502.srt,374502
Confronting a Bad Deal,Confronting a Bad Deal_374502.srt,374502
Connect With Any Audience,Connect with Any Audience_164085.srt,164085
Connect with Any Audience,Connect with Any Audience_164085.srt,164085
Contributions of Significance,CONANT_HBRC_INS4_CONTRIBUTIONS_17028_FINAL_62389.srt,62389
Convince Executives to Measure Performance,Convince Executives to Measure Performance_337699.srt,337699
Coolness Under Fire,Dominguez HMM11- Coolness Under Fire FINAL _Basic - Small_.flv ,38443
Craft a story to Sell Your Business Case,Craft a Story to Sell Your Business Case _370274.srt,370274
Craft a Story to Sell Your Business Case,Craft a Story to Sell Your Business Case _370274.srt,370274
Create a Sense of Urgency,Mackler HMM11- The Manager as Coach FINAL _Basic - Small_.flv ,68373
Create an Effective Presentation,Create an Effective Presentation_70619.srt,70619
Create and Deliver a Strong Business Case,Create and Deliver a Strong Business Case _423127.srt,423127
Create Efficiencies,15478_CAMARERO_HMM11_Finance_Essentials_FINAL_062309.mov,37698
Create Rules to Unify Your Team,Create Rules to Unify Your Team_360330.srt,360330
Create Rules to Unify Your Team,Create Rules to Unify Your Team_360330.srt,360330
Create Slides People Will Remember,Create Slides People Will Remember_164090.srt,164090
Create Time for Your Most Important Work,Create Time for Your Most Important Work_296999.srt,296999
Create Time for Your Most Important Work,Create Time for Your Most Important Work_296999.srt,296999
Create Time for Your Most Important Work,Create Time for Your Most Important Work_296999.srt,296999
Creating a Win-Win,Creating a Win-Win ,416317
Crossing the River,Applegate HMM11- Crossing the River FINAL _Basic - Small_.flv ,38424
Crowdsourcing Inside Your Company,Crowdsourcing Inside Your Company_393552.srt,393552
Cumulative Conversations," Cumulative Conversations  ",380053
Customer Centricity,GULATI_HBRC_INS2_CUSTCENTRICITY_17044_FINAL_62351.srt,62351
Customer Input,MarketingEssentials_CustomerInput.flv ,68439
"Customers, Not Consumers",RAUCH_HBRC_INS1_CUSTOMERS_17049_FINAL_62363.srt,62363
Define Success Up Front,15477_Beggan_HMM11_Project_Management_FINAL_062309.mov ,37696
Define Success Up Front,15477_Beggan_HMM11_Project_Management_FINAL_062309.mov ,37696
Define Success Up Front,15477_Beggan_HMM11_Project_Management_FINAL_062309.mov ,37696
Defuse Difficult People,Defuse Difficult People_80523.srt,80523
Defuse Tension to Come to An Agreement,Defuse Tension to Come to an Agreement_336274.srt,336274
Defuse Tension to Come to an Agreement,Defuse Tension to Come to an Agreement_336274.srt,336274
Delivering Difficult Feedback,Butler HMM11- Delivering Difficult Feedback FINAL _Basic - Small_.flv,38429
Design an Organization that Makes a Difference,Design an Organization that Makes a Difference_142760.srt,142760
Design an Organization That Makes a Difference,Design an Organization that Makes a Difference_142760.srt,142760
DetermineYour Preferred Communication Style,Determine Your Preferred Communication Style - Ask the Coach_357574.srt,357574
Develop a Strategy as a Team,PHIPPS_HBRC_INS1_DEVSTRATEGYTEAM_17115_FINAL_62357.srt,62357
Develop Productivity Rituals,Develop Productivity Rituals _62547.srt,62547
Develop Strategy as a Team,PHIPPS_HBRC_INS1_DEVSTRATEGYTEAM_17115_FINAL_62357.srt,62357
Develop Strategy as a Team,PHIPPS_HBRC_INS1_DEVSTRATEGYTEAM_17115_FINAL_62357.srt,62357
Deviating from the Business Plan,Deviating from the Business Plan _396811.srt,396811
Diagnostic Thinking,GULATI_HBRC_INS1_DIAGNOSTIC_17044_FINAL _62349.srt,62349
Dinner at Six,Rimm HMM11- Dinner at Six FINAL _Basic - Small_.flv ,38498
Dinner at Six?,How to Budget Your Time Effectively_85659.srt,85659
Disruptive Innovation Explained,Disruptive Innovation Explained_70775.srt,70775
Distinguish Good Failures from Bad Ones,Distinguish Good Failures from Bad Ones_80519.srt,80519
Distinguish Good Failures from Bad Ones,Distinguish Good Failures from Bad Ones_80519.srt,80519
Distributed Innovation,16649_Lakhani_HMM11_Innovation_Creativity_FINAL_120109.mov ,37747
Do a Reality Check,Do a Reality Check.srt,370640
Do Your Homework,OKeefe HMM11 Do Your Homework FINAL.flv ,39155
Don't Be Afraid to Rethink Your Services,RAMDAS_HBRC_TIP_17436_050212_PROXY_87664.srt,87664
Don't Kill Your Employees' Dreams,JOHNSON_HBRC_TIP_17361_041212_PROXY _81749.srt,81749
DonÍt Be Afraid to Rethink Your Services,RAMDAS_HBRC_TIP_17436_050212_PROXY_87664.srt,87664
DonÍt Kill Your EmployeesÍ Dreams,JOHNSON_HBRC_TIP2_17361_041212_FINAL_89653.srt,89653
Driven by a Purpose,Datar HMM11-Driven by a Purpose _Basic - Small_.flv ,38432
Dynamic Strategy,Dynamic Strategy ,92872
Educate Your Teams,Educate Your Teams,377342
Educate Your Teams,Educate Your Teams,377342
Emerging Markets,"  16641_Sweetman_HMM11_Business_Plan_Final_010610.mov  ",37733
Emerging Markets,BusinessPlanDevelopment_EmergingMarkets_68360.srt,68360
Emotional Intelligence in Tough Conversations,Emotional Intelligence in Tough Conversations_363151.srt,363151
Employee Action Plans,Employee Action Plans ,85660
Employees Need Decisive Leaders,PURUSHOTHAMAN_17965_INS1_PROXY_191789.srt,191789
Empower Your Customer-Facing Employees,Empower Your Customer-Facing Employees _234589.srt,234589
Empower Your Customer-Facing Employees,Empower Your Customer-Facing Employees _234589.srt,234589
Encourage Candor at Work,Encourage Candor at Work_230143.srt,230143
Energize Your Meeting with a Story,YOON_HBRC_INS2_18181_071013_PROXY_251455.srt,251455
Energize Your Meeting with a Story,YOON_18181_HMM12_INSIGHT_2_318665.srt,318665
Escape from Brainstorm Island,Escape from Brainstorm Island_218035.srt,218035
Essentials of Being a Great Boss,HILL_HBRC_TIP_17374_040912_FINAL_89656.srt,89656
Establish Your Credibility„But Balance It with Humility,Establish Your Credibility--But Balance It with Humility - Ask the Coach_357759.srt,357759
Establishing Credibility Takes Persistence,Establishing Credibility Takes Persistence_376358.srt,376358
Ethical Ambiguity,16644_Seglin_HMM11_Ethics_1_Final_101409.mov,37739
Ethical Fading,BAZERMAN_HBRC_INS2_ETHICAL_16978_FINAL_62382.srt,62382
Every Writer Needs an Editor,Every Writer Needs an Editor_429853.srt,429853
Everyone Is a Leader,Downes HMM11- Everyone is a Leader FINAL _Basic - Small_.flv ,38446
Exit an Unprofitable Line of Business,Exit an Unprofitable Line of Business_234586.srt,234586
Experiment to Learn About Your Market,Experiment to Learn About Your Market _370275.srt,370275
Experiment to Learn Your Market,Experiment to Learn About Your Market _370275.srt,370275
Expose a Problem You Cannot Solve,Expose a Problem You Cannot Solve_370676.srt,370676
Express Gratitude,How to Make Better Decisions_622431.srt,622431
Face Your Fear,16647_Tyagi _HMM11_Finance_FINAL_111609.mov ,37745
Failing to Success,RAUCH_HBRC_INS3_FAILSUCCESS_17049_FINAL _62367.srt,62367
Failing to Success,RAUCH_HBRC_INS3_FAILSUCCESS_17049_FINAL _62367.srt,62367
Faulty Analogies,16651_Roberto _HMM11_Decision_1_Final_120109.mov ,37754
Fear of Reinvention,16637_Anthony_HMM11_Change_Management_FINAL_021810.mov ,37704
Feedback is a Two-Way Street,Feedback Is a Two-Way Street _363419.srt,363419
Feedback is a Two-Way Street,Feedback Is a Two-Way Street _363419.srt,363419
Feedback Sparks Growth,15468_Jarvis _HMM11_Performance_Appraisals_FINAL_061109_37679.srt,37679
Find a Company That Fits,Find a Company that Fits _76464.srt,76464
Find Meaning At Work,DUNN_HBRC_INS1_FINDMEANING_17118_FINAL_62391.srt,62391
Find Meaning at Work,DUNN_HBRC_INS1_FINDMEANING_17118_FINAL_62391.srt,62391
Find Meaning at Work,DUNN_HBRC_INS1_FINDMEANING_17118_FINAL_62391.srt,62391
Find Success Your Own Way,Find Success Your Own Way _200971.srt,200971
Find Your Ideal Market,RICHARD_HBRC_TIP_17437_050312_PROXY_87659.srt,87659
Find Your Voice,WritingSkills_FindYourVoice_68502.srt,68502
Find Your Voice in Meetings,Find Your Voice in Meetings_80635.srt,80635
Finding Resilience After Tragedy,Finding Resilience After Tragedy_94167.srt,94167
Fitting In with New Colleagues,Fitting in with New Colleagues_229947.srt,229947
Five Ways to Improve Your Business Writing,Five Ways to Improve Your Writing_430414.srt,430414
Five Ways to Measure Performance,Five Ways to Measure Performance _334695.srt,334695
Five Ways To Measure Performance,Five Ways to Measure Performance _334695.srt,334695
Five Ways to Measure Performance,Five Ways to Measure Performance _334695.srt,334695
Five Ways to Measure Performance,Five Ways to Measure Performance _334695.srt,334695
Five Ways to Measure Performance,Five Ways to Measure Performance _334695.srt,334695
Fix Their Problem,"Fix Their Problem, Win the Deal _374503.srt",374503
"Fix Their Problem, Win the Deal","Fix Their Problem, Win the Deal _374503.srt",374503
Fixing Potholes,Kaplan HMM11- Fixing Potholes FINAL _Basic - Small_.flv ,38467
Focus on Interests,Focus on Interests ,370401
Focus on Interests,Focus on Interests ,370401
"Focus on Solutions, Not Mistakes","Focus on Solutions, Not Mistakes_412944.srt",412944
Focus Your To-Do List,Focus Your To-Do List _94275.srt,94275
Forging a New Global Comfort Zone,Forging a New Global Comfort Zone _76471.srt,76471
Forging a New Global Comfort Zone,Forging a New Global Comfort Zone _76471.srt,76471
Forging a New Global Comfort Zone,Forging a New Global Comfort Zone _76471.srt,76471
Formula for Building Trusting Relationships,RIDER_HBRC_INS_2_17425_050412_PROXY_87661.srt,87661
Four Keys to Fast Innovation,Four Keys to Fast Innovation_142774.srt,142774
Framing the Big Picture,16637_Anthony_HMM11_Persuading_FINAL_021810.mov ,37706
Freedom to Act,"  Freedom to Act  ",416310
Generation Gaps,Generation Gaps ,103243
Genuinely Listen,15468_Jarvis _HMM11_Developing_FINAL_061109.mov,37678
Get Buy-in for Your New Strategy,Get Buy-In For Your New Strategy_77064.srt,77064
Get Comfortable With Team Conflict,Get Comfortable with Team Conflict  _103246.srt,103246
Get Comfortable with Team Conflict,Get Comfortable with Team Conflict  _103246.srt,103246
Get Comfortable with Team Conflict,Get Comfortable with Team Conflict  _103246.srt,103246
Getting a Return on Improvement,Getting a Return on Improvement_76478.srt,76478
Getting Strategy Execution Right,JARRETT rough _96591.srt,96591
Getting Stuck is Part of the Process,Getting Stuck is Part of the Process _462119.srt,462119
Give People Credit,Kerr HMM11- Give People Credit FINAL _Basic - Small_.flv ,38472
Go Beyond Your Initial Idea of an Audience,Go Beyond Your Initial Idea of an Audience_462118.srt,462118
Good Coaching Inspires Leadership,SIMMONS_HBRC_INS3_18634_PROXY _397464.srt,397464
Good Leaders Admit Mistakes,Good Leaders Admit Mistakes_166524.srt,166524
Good Leaders Admit Mistakes,Good Leaders Admit Mistakes_166524.srt,166524
Harnessing Creativity,287 AIC_ Idea Watch_ Harnessing Creativity_71431.srt,71431
Haste Makes Waste,Alegria HMM11- Haste Makes Waste FINAL _Basic - Small_.flv ,38420
High-Impact E-mail,Dumaine HMM11- High Impact E-Mail FINAL _Basic - Small_.flv ,38449
Hire for Personality,Hire for Personality_62379.srt,62379
Hiring a Top Team,Hiring a Top Team ,96395
Hiring a Top Team,Hiring a Top Team ,96395
Hiring a Top Team,Hiring a Top Team ,96395
How Delegation Helps Everyone,How Delegation Helps Everyone_416275.srt,416275
How Diversity Fuels Group Emotional Intelligence,How Diversity Fuels Group Emotional Intelligence_376323.srt,376323
How Empathy Can Launch a Conversation,How Empathy Can Launch a Conversation  _363149.srt,363149
How Empathy Can Launch a Conversation,How Empathy Can Launch a Conversation  _363149.srt,363149
How Empathy Can Launch a Conversation,How Empathy Can Launch a Conversation  _363149.srt,363149
How IBM's Vision Changed Strategy Execution,HARRELD_18369_HMM_INS4_Rd1_346502.srt,346502
How Managers Should Plan for Crises,How Managers Should Plan for Crises_412933.srt,412933
How Managers Should Read Financial Statements,How Managers Should Read Financial Statements_188708.srt,188708
How New Managers Can Establish Credibility,How New Managers Can Establish Credibility  _80508.srt,80508
How Not to Lose Sleep Over Your Budget,How Not to Lose Sleep Over Your Budget _434019.srt,434019
How Public Support Changes the Game,How Public Support Changes the Game _345892.srt,345892
How Successful People Reach Their Goals,HALVORSON_HBRC_IDEA_19159_032715_PROXY_586444.srt,586444
How Successful People Reach Their Goals,How Successful People Reach Their Goals_230122.srt,230122
How to Approach a Resistor,13C_357569.srt,357569
How to Avoid Stress in Uncertain Situations,How to Avoid Stress in Uncertain Situations_336269.srt,336269
How to Be a Good Listener,How to Be a Good Listener  _100484.srt,100484
How To Be A Good Listener,How to Be a Good Listener  _100484.srt,100484
How to Budget Your Time Effectively,How to Budget Your Time Effectively_337673.srt,337673
How to Budget Your Time Effectively,How to Budget Your Time Effectively_337673.srt,337673
How To Build Trust On Your Virtual Team,Narayanan HMM11- Budget Impacts FINAL _Basic - Small_.flv ,38488
How to Build Trust on Your Virtual Team,How to Build Trust on Your Virtual Team_230144.srt,230144
How to Build Trust on Your Virtual Team,How to Build Trust on Your Virtual Team_230144.srt,230144
How to Build Trust on Your Virtual Teams,How to Build Trust on Your Virtual Team_230144.srt,230144
How to Concentrate Under Pressure,How to Concentrate Under Pressure_336300.srt,336300
How to Deliver an Engaging Presentation,How to Deliver an Engaging Presentation  _70617.srt,70617
How to Handle an Over-Contributor During a Meeting,25A_357696.srt,357696
How to Handle an Over-Contributor During a Meeting,25B_357697.srt,"357697,"
How to Handle an Over-Contributor During a Meeting,25C_357698.srt,357698
How to Handle Tears at Work,How to Handle Tears at Work_80517.srt,80517
How to Manage Project Teams,PATON_HBRC_TIP_17363_041212_FINAL _89647.srt,89647
How to Manage Scope Creep,How to Manage Scope Creep_403173.srt,403173
How To Manage Stakeholders,How to Manage Stakeholders_77066.srt,77066
How to Motivate a Problem Employee,12B_357565.srt,357565
How to React Non Defensively,How to React Non-Defensively _234691.srt,234691
How to React Non-Defensively,How to React Non-Defensively _234691.srt,234691
How to React Non-Defensively,How to React Non-Defensively _234691.srt,234691
How to Request a Behavior Change,11C_357562.srt,357562
How to Request a Behavior Change,11C_357562.srt,357562
How to Respond to Criticism,How to Respond to Criticism_100349.srt,100349
How to Talk with Your Boss About Work Overload,How to Talk with Your Boss About Work Overload - Wrong Way - 1_409248.srt,409248
How to Talk with Your Boss About Work Overload,How to Talk with Your Boss About Work Overload - Ask the Coach - 2 _409493.srt,409493
How to Test Your Innovative Idea,How to Test Your Innovative Idea_70636.srt,70636
How to Test Your Innovative Idea,How to Test Your Innovative Idea_70636.srt,70636
How to Use Breakeven Analysis,How to Use Breakeven Analysis_462474.srt,462474
How Vision Can Improve Customer Service,How Vision Can Improve Customer Service_98636.srt,98636
How Vision Can Improve Customer Service,How Vision Can Improve Customer Service_98636.srt,98636
Identify Future Leaders,Identify Future Leaders _62529.srt,62529
Improve Training with Experiential Learning,HARRELD_18369_HMM_INS1_PROXY_303172.srt,303172
Improve Your Leadership Presence,WILKINS_HBRC_TIP_17858_013113_PROXY_187801.srt,187801
Improve Your Relationship with Your Boss By Aligning Goals,Improve Your Relationship with Your Boss By Aligning Goals  _364986.srt,364986
In Praise of Non-Linear Career Moves,FORLENZA_HBRC_INS1_NONLINEARMOVES_17120_FINAL _62344.srt,62344
Inconvenience Everyone Equally,Delano HMM11- Inconvenience Everyone Equally FINAL _Basic - Small_.flv ,38436
Inconvenience Everyone Equally,Delano HMM11- Inconvenience Everyone Equally FINAL _Basic - Small_.flv ,38436
Incovenience Everyone Equally,VirtualTeams_InconvenienceEverybodyEqually_68499.srt,68499
Innovations That Are Long Overdue,Innovations That Are Long Overdue_2 ,360668
Innovations That Are Long Overdue,Innovations That Are Long Overdue _367009.srt,367009
Intro to Finance ,Introduction to Finance_459126.srt,459126
Introduction to Customer Focus,DeROSE_CL_HMM12_18013_INTRO_PROXY_199845.srt,199845
"Introduction to Decision Making, Francesca Gino,                                                                                                                                                                                                                                                                                                             ",Introduction to Decision Making_423372.srt,423372
Introduction to Difficult Interactions,HBSP2013-Ringer-121013_360339.srt,360339
Introduction to Diversity,Diversity Intro Video_355851.srt,355851
Introduction to Feedback Essentials,Introduction to Feedback Essentials_450430.srt,450430
Introduction to Global Collaboration,NEELEY_18562_HMM_SU_INTRO_PROXY_362223.srt,362223
Introduction to Hiring,Introduction to Hiring_379496.srt,379496
Introduction to Managing Your Boss,Introduction to Managing Your Boss_363885.srt,363885
Introduction to Marketing Essentials,Introduction to Marketing Essentials_422071.srt,422071
Introduction to Meeting Management,Introduction to Meeting Managment_428576.srt,428576
Introduction to Negotiating,SUBRAMANIAN_18491_HMM_INTRO_ROUND 3_374618.srt,374618
Introduction to Performance Appraisal,Introduction to Performance Appraisals_453801.srt,453801
Introduction to Performance Measurement,Introduction to Performance Measurement_460569.srt,460569
Introduction to Persuading Others,Introduction to Persuading Others_317935.srt,317935
Introduction to Project Management,Introduction to Project Management_403171.srt,403171
Introduction to Retaining Employees,Introduction to Retaining Employees _392981.srt,392981
Intuition,16651_Roberto _HMM11_Decision_2_Final_120109.mov ,37755
Invited Versus Welcomed,Invited Versus Welcomed_376405.srt,376405
Is Your Boss a Listener or a Reader?,22A_357593.srt,357593
Juggling Growth and Brand Identity,Juggling Growth and Brand Identity _450410.srt,450410
Key Conversations with Your New Boss,WATKINS_HBR_GTMT_18001_TIP1_PROXY_199488.srt,199488
Know the Signs of Burnout,39A _357752.srt,357752
Know When You Can't Lead Change,HOPE_HAILEY_AOM_17586_080312_Q2_PROXY _112732.srt,112732
Know Your Plays,Know Your Plays_374501.srt,374501
Know Your Team's Motivational Mindset,Know Your Team's Motivational Mindset_230135.srt,230135
Language Policies,Neeley HMM11- Language Policies FINAL _Basic - Small_.flv ,38490
Launch Your Next Idea Before ItÍs Ready,HULME_HBRC_TIP_17431_050312_PROXY_87652.srt,87652
Lead Cultural Change Through Action,Lead Cultural Change Through Action _357202.srt,357202
Leading in Leopard Print,Leading in Leopard Print_76466.srt,76466
Leading Innovation in a Large Company,Leading Innovation in a Large Company_80512.srt,80512
Leading Like A Swan,Leading Like a Swan_98934.srt,98934
Leading like a Swan,Leading Like a Swan_98934.srt,98934
Leading Like a Swan,Leading Like a Swan_98934.srt,98934
Leading Through a Crisis,LAMMY_HBRC_INS_17424_050412 _INS1_Rd1_98991.srt,98991
Learn From Successes,GULATI_HBRC_INS4_SUCCESSES_17044_FINAL_62352.srt,62352
Learn from Your Customer,FOX_17957_TIP1_PROXY_191801.srt,191801
"Learn, Unlearn, Relearn","Learn, Unlearn, Relearn _98633.srt",98633
"Learn, Unlearn, Relearn","Learn, Unlearn, Relearn _98633.srt",98633
Let Employees Work Smart,Let Employees Work Smart _376402.srt,376402
Let Employees Work Smart,Let Employees Work Smart _376402.srt,376402
Listen Carefully to Your Employees' Feedback,Listen Carefully to Your Employees' Feedback_363152.srt,363152
Listen Carefully to Your EmployeesÍ Feedback,Listen Carefully to Your Employees' Feedback_363152.srt,363152
Listen for Your Clients' Real Needs,Listen for Your Clients' Real Needs_403172.srt,403172
Listen with Empathy to Improve Performance,IYER_GMP_HMM_INS1_18401_PROXY_720_308252.srt,308252
Listen with Empathy to Improve Performance,IYER_GMP_HMM_INS1_18401_PROXY_720_308252.srt,308252
Live the Vision,Gaydon HMM11- Live the Vision FINAL _Basic - Small_.flv ,38456
Live the Vision,Gaydon HMM11- Live the Vision FINAL _Basic - Small_.flv ,38456
Look Beyond Obvious Risks,Look Beyond Obvious Risks _399650.srt,399650
Look Beyond Obvious Risks,Look Beyond Obvious Risks _399650.srt,399650
Mad Dog,ManagingUpward_MadDog.flv ,68435
Maintain Momentum with Focused Meetings,Maintain Momentum with Focused Meetings _367096.srt,367096
Maintain Momentum with Focused Meetings,Maintain Momentum with Focused Meetings _367096.srt,367096
Maintain Momentum with Focused Meetings,Maintain Momentum with Focused Meetings _367096.srt,367096
Make a Mentor Connection,McGARVIE_18245_HMM_INS3_PROXY _284186.srt,284186
Make a Mentor Connection,Make a Mentor Connection_390953.srt,390953
Make Allies to Champion Your Vision,Make Allies to Champion Your Vision,347473
Make Allies to Champion Your Vision,Make Allies to Champion Your Vision,347473
Make Delegation Your Development Tool,Make Delegation Your Development Tool_416279.srt,416279
Make Delegation Your Development Tool,Make Delegation Your Development Tool_416279.srt,416279
Make Emotional Connections,EDINGER_HBRC_INS1_CONNECTIONS_17069_FINAL _62346.srt,62346
Make Employees Responsible for Outcomes,GROTE_18247_HMM12_INS3_PROXY_287256.srt,287256
Make Measurement Public to Increase Buy-In,Make Measurement Public to Increase Buy-In _386458.srt,386458
Make Strategy Discussions More Productive,Make Strategy Discussions More Productive _164086.srt,164086
Make Strategy Discussions More Productive,Make Strategy Discussions More Productive _164086.srt,164086
Make Your Meetings More Productive,Make Your Meetings More Productive_70607.srt,70607
Make Your Meetings More Productive,Make Your Meetings More Productive_70607.srt,70607
Make Yourself a Global Asset,Make Yourself a Global Asset_76475.srt,76475
Make Yourself Replaceable,Alegria HMM11- Make Yourself Replaceable FINAL _Basic - Small_.flv ,38421
Making Your Ideas Credible,Making Your Ideas Credible.srt,85663
Manage Through Moral Gray Zones,Manage Through Moral Gray Zones_70606.srt,70606
Managing Creative People,JUDSON_HBRC_INS_17287_022412_PROXY_75005.srt,75005
Managing Idiosyncratic Talent,Managing Idiosyncratic Talent_142765.srt,142765
Master the Art of Effective Delegation,Master the Art of Effective Delegation_367095.srt,367095
Master the Art of Effective Delegation,Master the Art of Effective Delegation_367095.srt,367095
Measure Employee Performance Accurately,Measure Employee Productivity Accurately_198899.srt,198899
Measure Employee Productivity Accurately,Measure Employee Productivity Accurately_198899.srt,198899
Measure Employee Productivity Accurately,Measure Employee Productivity Accurately_198899.srt,198899
Meditating on Wall Street,Meditating on Wall Street_108431.srt,108431
Mission and Objectives,Kaplan HMM11- Performance Objectives FINAL _Basic - Small_.flv ,38469
Mission and Objectives,Kaplan HMM11- Mission and Objectives FINAL _Basic - Small_.flv ,38468
Mission to Mars: The Budget,Mission to Mars_ The Budget _395198.srt,395198
Motivate a Problem Employee,12C_357566.srt,357566
Negotiate Interests,26A_357699.srt,357699
Negotiating on the Back of a Cocktail Napkin,Negotiating on the Back of a Cocktail Napkin_76463.srt,76463
On the Line,On The Line ,408963
On the Line,On The Line ,408963
One Frame of Reference Isn't Enough,One Frame of Reference Isn't Enough_428577.srt,428577
Open Door Communication,CHAVEZ_HBRC_INS1_OPENDOOR_17062_FINAL_62383.srt,62383
Open to Learning,Open to Learning ,85665
Opportunity vs Cost in a New Market,Opportunity vs Cost in a New Market _395200.srt,395200
Opportunity vs. Cost in a New Market,Opportunity vs Cost in a New Market _395200.srt,395200
Overclaiming Credit,BAZERMAN_HBRC_INS3_OVERCLAIM_16978_FINAL_62385.srt,62385
Own Your Development,CONANT_HBRC_INS1_OWNDEVPMENT_17028_FINAL _62381.srt,62381
Own Your Mistakes,LUDWIG_HBRC_INS1_OWNMISTAKES_17119_FINAL_62365.srt,62365
Own Your Mistakes,LUDWIG_HBRC_INS1_OWNMISTAKES_17119_FINAL_62365.srt,62365
Pay Attention to Resistance Triggers,35B_357742.srt,357742
Pay Attention to Resistence Triggers,35B_357742.srt,357742
Performance Objectives,Kaplan HMM11- Performance Objectives FINAL _Basic - Small_.flv ,38469
Performance Reviews Shouldn't Be Surprising,Performance Reviews Shouldn't Be Surprising_380984.srt,380984
Plan for the Worse Before a Crisis,Plan for the Worst Before a Crisis_412939.srt,412939
Planning for Success,Pundrik HMM11- Planning For Success FINAL _Basic - Small_.flv ,38496
Play Your Cards Right,Negotiation_PlayYourCardsRight.flv ,68447
Position for Future Markets,15469_Elkeles_HMM11_Innovation_Creativity_FINAL_061109.mov ,37680
Position Your International Team for Success,Position Your International Team for Success_451525.srt,451525
Postmortems are Essential,Postmortems Are Essential_403180.srt,403180
Pre-Sell Your Next Great Idea,Pre-Sell Your Next Great Idea _80515.srt,80515
Prepare Your Brain for Change,Prepare Your Brain for Change_164087.srt,164087
Priorities,Robbins HMM11- Priorities FINAL _Basic - Small_.flv ,38504
Prioritize Risks in Project Management,Prioritize Risks in Project Management_462948.srt,462948
Process Emotions Effectively to Manage Change,Process Emotions Effectively to Manage Change _360255.srt,360255
Productivity,Productivity  ,85667
Provide Balanced Feedback on Employees' Performance,31A_357720.srt,357720
Push Employees to the Edge of Their Comfort Zone,Push Employees to the Edge of Their Comfort Zones_188903.srt,188903
Push Employees to the Edge of Their Comfort Zones,Push Employees to the Edge of Their Comfort Zones_188903.srt,188903
Pushing Back on an Assignment,Pushing Back on an Assignment_234598.srt,234598
Real-Time Feedback,Real-Time Feedback ,368972
Realistic Budgets,Budgeting_RealisticBudgets.flv ,68354
Realistic Budgets,Budgeting_RealisticBudgets.flv ,68354
Recognize Your Biases,Recognize Your Biases ,381608
Rehearse and Refine Your Action Plan,Rehearse and Refine Your Action Plan_412942.srt,412942
Reorganize a Team for More Impact,Reorganize a Team for More Impact_401342.srt,401342
Resist the Urge to Hire People Like You,14C_357572.srt,357572
Resist the Urge to Hire People Like You,14A_357570.srt,357570
Run a Disciplined Innovation Experiment,GOVINDARAJAN_HBRC_TIP_17373_040912_FINAL_89651.srt,89651
Run a Disciplined Innovation Experiment,GOVINDARAJAN_HBRC_TIP_17373_040912_FINAL_89651.srt,89651
Secure Your Plan with the Right Team,Secure Your Plan with the Right Team _399646.srt,399646
Seek Challenges,Alegria HMM11- Seek Challenges FINAL _Basic - Small_.flv ,38422
Seek Feedback,Roberto HMM11- Seek Feedback FINAL _Basic - Small_.flv ,38505
Seek Feedback,Roberto HMM11- Seek Feedback FINAL _Basic - Small_.flv ,38505
Seek Mentors Who Expand Your Comfort Zone,LAMMY_HBRC_INS_3_17424_050412_PROXY _87667.srt,87667
Set Clear Goals for Employees Before Performance Appraisals,30A_357717.srt,357717
Set the Tone for Trust,Set the Tone for Trust_363150.srt,363150
Setting the Stage for Change ,ChangeManagement_SettingTheStageForChange.flv ,68367
Setting Your Goals Without Jargon,Setting Your Goals Without Jargon _363410.srt,363410
Setting Your Goals Without Jargon,Setting Your Goals Without Jargon _363410.srt,363410
Share What's Behind a Decision,Share What's Behind a Decision_346565.srt,346565
Share What's Behind a Decision,BIDDINGER_18406_HMM_INS3_PROXY  _323460.srt,323460
Share WhatÍs Behind a Decision,Share What's Behind a Decision_346565.srt,346565
Should You Lie to Save Your Company?,16644_Seglin_HMM11_Ethics_2_Final_101409.mov ,37740
Simplicity,Kommu HMM11- Simplicity FINAL _Basic - Small_.flv ,38475
Simplify Customer Metric,MARKEY_HBRC_INS1_CUSTMETRICS_16966_FINAL_62362.srt,62362
Simplify Customer Metrics,MARKEY_HBRC_INS1_CUSTMETRICS_16966_FINAL_62362.srt,62362
Simplify Your Strategy,Sull Rough_95381.srt,95381
Speak the Truth,15476_Kaye_HMM11_Ethics_Work_FINAL_061609.mov ,37693
Start a Turnaround with a Strategy Map,Start Turnaround with a Strategy Map _76468.srt,76468
Start a Turnaround with a Strategy Map,Start Turnaround with a Strategy Map _76468.srt,76468
Stay Calm in a Stressful Moment,How to Stay Calm in a Stressful Moment - Better Way _449873.srt,449873
Stay Open When Receiving Feedback,17C_357581.srt,357581
Stretch Goals ArenÍt Comfortable,Stretch Goals Aren't Comfortable_363416.srt,363416
Survive a Storm by Changing Course,Survive a Storm by Changing Course_455051.srt,455051
Tackle Finance with Curiosity,Tackle Finance with Curiosity_448090.srt,448090
Take Action After a Crisis,Take Action After a Crisis_412946.srt,412946
Take Time to Disconnect,StressManagement_TakeTimeToDisconnect.flv ,68485
Tap the Wisdom of Frontline Employees,Tap the Wisdom of Frontline Employees_234591.srt,234591
The (Im)precision of Finance,The (Im)precision of Finance_465087.srt,465087
The 20-Day Learning Tour,The 20-Day Learning Tour_62552.srt,62552
The 5 Whys,5 Whys  _62540.srt,62540
The 5 Whys,5 Whys  _62540.srt,62540
The Art of Career Development,PETRIGLIERI_HBRC_TIP_XXXXX_041312_FINAL _89654.srt,89654
The Art of Hiring for Your FirmÍs Future,The Art of Hiring For Your Firm_s Future_80622.srt,80622
The Art of Stretch Targets,The Art of Stretch Targets ,355757
The Art of Stretch Targets,The Art of Stretch Targets ,355757
The Benefits of Mastering Another Language,The Benefits of Mastering Another Language_425892.srt,425892
The Best Feedback Includes an Action Plan,The Best Feedback Includes an Action Plan _400644.srt,400644
The Best Feedback Includes an Action Plan,The Best Feedback Includes an Action Plan _400644.srt,400644
The Best Feedback Includes an Action Plan,The Best Feedback Includes an Action Plan_400644.srt,400644
The Best Feedback Includes an Action Plan,The Best Feedback Includes an Action Plan_400644.srt,400644
The Best Response to Customer Complaints,The Best Response to Customer Complaints_188902.srt,188902
The Best Way to Handle Silence,The Best Way to Handle Silence_100483.srt,100483
The Challenge of Change,Edmondson HMM11- The Challenge of Change FINAL _Basic - Small_.flv ,38452
The Challenge of Change,Edmondson HMM11- The Challenge of Change FINAL _Basic - Small_.flv ,38452
The Equation for Change,The Equation for Change ,434674
The Explainer: Disruptive Innovation,DIS_INNOV_EXPLAINER_FINAL_297000.srt,297000
The Feedback Loop,The Feedback Loop_62541.srt,62541
The Foundation of Great Teamwork,The Foundation of Great Teamwork_234596.srt,234596
The Golden Rule,REICHHELD_HBRC_INS1_GOLDRULE_16967_FINAL_62370.srt,62370
The Importance of Sleep,The Importance of Sleep_108423.srt,108423
The Key to Being on Time,The Key to Being on Time _94274.srt,94274
The Leader as Teacher,RIDER_HBRC_INS_1_17425_050412_PROXY_87662.srt,87662
The Manager as Coach,Mackler HMM11- The Manager as Coach FINAL _Basic - Small_.flv ,38480
The Meeting Climate,Hill HMM11- The Meeting Climate FINAL _Basic - Small_.flv ,38461
The Mix of Experience,The Mix of Experience ,85670
The Mix of Experience,The Mix of Experience ,85670
The Power of Feedback,15476_Kaye_HMM11_Feedback_Essentials_FINAL_061609.mov ,37694
The Power of Stories in Corporate Culture,The Power of Stories in Corporate Culture_459065.srt,459065
The PowerPoint Mistake Almost Everyone Makes,The PowerPoint Mistake Almost Everyone Makes_219547.srt,219547
The Right Kinds of Failure,Stevenson HMM11- The Right Kinds of Failure FINAL _Basic - Small_.flv ,38507
The Right Stuff,The Right Stuff ,85671
The Right Stuff,The Right Stuff ,85671
The Right Way to Conduct a Job Interview,The Right Way to Conduct a Job Interview_164088.srt,164088
The Ripple Effect of a Great Work Culture,The Ripple Effect of a Great Work Culture_98634.srt,98634
The Risk and Reward of Disagreeing with Your Boss,The Risk and Reward of Disagreeing with Your Boss_2_219549.srt,219549
The Risk and Reward of Disagreeing with Your Boss,The Risk and Reward of Disagreeing with Your Boss_375006.srt,375006
The Sponsor-Prot_g_ Relationship,HEWLETT_HBRC_INS1_SPONSOR_16957_FINAL _62347.srt,62347
The Sponsor-Prot_g_ Relationship,The Sponsor-Protege Relationship_62555.srt,62555
The Stay Interview,15472_Jordan_Evans_HMM11_Retaining_Employees_2_FINAL_101409_37689.srt,37689
The Stay Interview,15472_Jordan_Evans_HMM11_Retaining_Employees_2_FINAL_101409_37689.srt,37689
The Value of an Honest Performance Review,The Value of an Honest Performance Review_380054.srt,380054
The Value of Asking Open-Ended Questions,The Value of Asking Open-Ended Questions_381147.srt,381147
The Value of Asking Open-Ended Questions,The Value of Asking Open-Ended Questions_381147.srt,381147
The Vicious Stress Cycle,StressManagement_TheVisciousStressCycle.flv ,68486
The Weight of Your Words,The Weight of Your Words_76477.srt,76477
Think Ahead,15477_Beggan_HMM11_Strategic_Thinking_FINAL_062309.mov ,37697
Think Like an Innovator,287 AIC_ Idea Watch_ Harnessing Creativity_75196.srt,75196
Three Elements to Expressing Your Idea,Three Elements to Expressing Your Idea _462132.srt,462132
Three Keys to Influencing Others,Three Keys to Influencing Others_234690.srt,234690
Three Keys to Resolving a Crisis,Three Keys to Resolving a Crisis_412943.srt,412943
Three Principles to Win Executive Approval,Design an Organization that Makes a Difference_347480.srt,347480
Three Principles to Win Executive Approval,Three Principles to Win Executive Approval _347480.srt,347480
Three Principles to Win Executive Approval,Three Principles to Win Executive Approval _347480.srt,347480
Three Ways to Think About Cultural Differences,Three Ways to Think About Cultural Differences_80509.srt,80509
Three Ways to Think About Cultural Differences,Three Ways to Think About Cultural Differences_80509.srt,80509
Three Ways to Think About Cultural Differences,Three Ways to Think About Cultural Differences_80509.srt,80509
"To Grow Your Business, Delegate","To Grow Your Business, Delegate  _416298.srt",416298
TomorrowÍs Leaders,15475_Ready_HMM11_Diversity_FINAL_061609.mov ,37691
Transforming a Hostile Encounter,Transforming a Hostile Encounter_347483.srt,347483
Treat People Right,REICHHELD_HBRC_INS2_TREATRIGHT_16967_FINAL_62368.srt,62368
Tune Into the Skills Your Team Offers,Tune Into the Skills Your Team Offers _401326.srt,401326
Tune Into the Skills Your Team Offers,Tune Into the Skills Your Team Offers _401326.srt,401326
Turn Coaching into Collaboration,Turn Coaching into Collaboration _164083.srt,164083
Turn Your Office into a Creative Space,Turn Your Office into a Creative Space_393551.srt,393551
Uderstanding NPV,Understanding NPV _395206.srt,395206
Uncovering Passion, Hiring_UncoveringPassion.flv  ,68419
Uncovering Passion,Butler HMM11- Uncovering Passion FINAL _Basic - Small__38430.srt,38430
Understand Motivations,Dominguez HMM11- Understand Motivations FINAL _Basic - Small_.flv ,38445
Understand What Success Mean to You,Understand What Success Means to You  _336319.srt,336319
Understand What Success Means to You,Understand What Success Means to You  _336319.srt,336319
Understanding NPV,Understanding NPV _395206.srt,395206
"Use ""Social Proof"" to Change Behavior",Use _Social Proof_ to Change Behavior_347471.srt,347471
"Use ""Social Proof"" to Change Behavior",Use _Social Proof_ to Change Behavior_347471.srt,347471
Use Bad News to Your Advantage,Use Bad News to Your Advantage _395208.srt,395208
Use Bad News to Your Advantage,Use Bad News to Your Advantage _395208.srt,395208
Use Inclusive Marketing to Reach New Customers,AHUJA_HBRC_TIP_17371_040612_FINAL_89649.srt,89649
Use ñSocial Proofî to Change Behavior,Use _Social Proof_ to Change Behavior_347471.srt,347471
Use Values in Decision Making,GOCHNAUER_HBRC_INS1_VALUEDECISIONMKG_17114_FINAL_62345.srt,62345
Use Values to Make Work-Life Decisions,Use Values to Make WorkLife Decisions_219550.srt,219550
Value Your Employees as Individuals,Value Your Employees as Individuals_376340.srt,376340
Value Your Employees as Individuals,Value Your Employees as Individuals_376340.srt,376340
Value Your Employees as Individuals,Value Your Employees as Individuals_376340.srt,376340
Values in Action,Rimm HMM11- Values In Action FINAL _Basic - Small_.flv ,38499
What Can I Take Off Your Plate,What Can I Take Off Your Plate? ,416324
What Can I Take Off Your Plate?,What Can I Take Off Your Plate,416324
What Employees Value,15472_Jordan_Evans_HMM11_Retaining_Employees_1_FINAL_101409.mov ,37688
When Technology Fails You,When Technology Fails You ,382140
When Technology Fails You,When Technology Fails You ,382140
When the Better Market is Risky,When the Better Market is Risky _423130.srt,423130
When to Give Someone a Second Chance,ARAOZ_18254_HMM_INS1_PROXY_295589.srt,295589
When to Speak Up, When to Speak Up  ,104666
"While Coaching, Listen More Than You Talk","While Coaching, Listen More Than You Talk - Ask the Coach - 2 _413124.srt",413124
Why a Good Idea Ins't Enough,Why a Good Idea Isn't Enough _76462.srt,76462
Why a Good Ideas Isn't Enough,Why a Good Idea Isn't Enough _76462.srt,76462
Why Kindness is Good Business,Why Kindness Is Good Business_347464.srt,347464
Why Kindness is Good Business,Why Kindness Is Good Business_347464.srt,347464
Why You Need a ñState of the Companyî Address,Why You Need a _State of the Company_ Address_188711.srt,188711
Why You Need a Project Plan,Why You Need a Project Plan_403174.srt,403174
Why You Should Read Your Memo Out Loud,Why You Should Read Your Memo Out Loud _462114.srt,462114
Why You Should Work Abroad,Why You Should Work Abroad_229968.srt,229968
Winning Your Exception to the Rule,Winning Your Exception to the Rule_363417.srt,363417
"Winning Your Exception to the Rule,",Winning Your Exception to the Rule_363417.srt,363417
Word Of Mouth,Kramer HMM11- Word of Mouth FINAL _Basic - Small_.flv ,38477
"Work With, Not For Your Boss",Kapoor HMM11- Work With_ Not For_ Your Boss FINAL _Basic - Small_.flv ,38471
You Can Do Anything!,You Can Do Anything!_360335.srt,360335
You Can Do Anything!,You Can Do Anything!_360335.srt,360335
,Juggling Growth and Brand Identity _450410.srt,423129
,How to Stay Calm in a Stressful Moment - Better Way _449873.srt,413086
,HOPE_HAILEY_AOM_17586_080312_Q3_PROXY _112739.srt,112739
,Compare Cultures to Understand Your Own_91791.srt,91791
,"While Coaching, Listen More Than You Talk - Wrong Way _356106.srt",356106
,"While Coaching, Listen More Than You Talk - Ask the Coach_356109.srt",356109
,"While Coaching, Listen More Than You Talk - Better Way_356110.srt",356110
,"While Coaching, Listen More Than You Talk - Wrong Way - 1  _413115.srt",413115
,The Weight of Your Words_91795.srt,91795
,Avoid Narrow Thinking While Making Decisions - Wrong Way - 1  _409498.srt,409498
,Avoid Narrow Thinking While Making Decisions - Ask the Coach - 2_409499.srt,409499
,The Risk and Reward of Disagreeing with Your Boss.srt,275006
,11A_357560.srt,357560
,11B_357561.srt,357561
,12A_357563.srt,357563
,12B_357565.srt,357565
,14A_357570.srt,357570
,14B_357571.srt,357571
,Compare Cultures to Understand Your Own  _76481.srt,76481
,The Best Feedback Includes an Action Plan_2_A_376403.srt,376403
,11A_357560.srt,357560
,11B_357561.srt,357561
,17A_357579.srt,357579
,17B_357580.srt,357580
,Compare Cultures to Understand Your Own_91791.srt,91791
,14B_357571.srt,357571
,14C_357572.srt,357572
,Innovations That Are Long Overdue _367009.srt,367009
,22B_357594.srt,357594
,22C_357595.srt,357595
,20B_357588.srt,357588
,20C_357589.srt,357589
,The Risk and Reward of Disagreeing with Your Boss_2_219549.srt,219549
,28B_357712.srt,357712
,28C_357713.srt,357713
,Negotiation_PlayYourCardsRight.mp4_63539.srt,63539
,26C_357700.srt,357700
,26B_357701.srt,357701
,31B_357721.srt,357721
,31C_357722.srt,357722
,30B_357718.srt,357718
,30C_357719.srt,357719
,Establish Your Credibility--But Balance It with Humility - Better Way_357723.srt,357723
,Establish Your Credibility--But Balance It with Humility - Wrong Way - 1 _413089.srt,413089
,39B_357753.srt,357753
,39C_357754.srt,357754
,How to Talk with Your Boss About Work Overload - Ask the Coach - 2 _409493.srt,409493
,How to Talk with Your Boss About Work Overload - Better Way - 3_409492.srt,409492
,Determine Your Preferred Communication Style - Better Way_357575.srt,357575
,Determine Your Preferred Communication Style - Wrong Way_357573.srt,357573
,Avoid Narrow Thinking While Making Decisions - Better Way - 3_409500.srt,409500
,Avoid Narrow Thinking While Making Decisions - Wrong Way - 1  _409498.srt,409498
,How to Talk with Your Boss About Work Overload - Better Way - 3_409492.srt,409492
,How to Talk with Your Boss About Work Overload - Wrong Way - 1_409248.srt,409248